"uid","title","year","image_path","rate","categories","time","director","abst"
"heart-of-stone","ハート・オブ・ストーン (2023)
原題: Heart of","","https://images.justwatch.com/poster/306993731/s592/heart-of-stone","","","","",""
"heart-of-stone","ハート・オブ・ストーン (2023)
原題: Heart of","","https://images.justwatch.com/poster/306993731/s592/heart-of-stone","","","","",""
"everything-everywhere-all-at-once","エブリシング・エブリウェア・オール・アット・ワンス (2022)
原題: Everything Everywhere All at","","https://images.justwatch.com/poster/303991261/s592/everything-everywhere-all-at-once","","","","",""
"dont-worry-darling","ドント・ウォーリー・ダーリン (2022)
原題: Don't Worry","","https://images.justwatch.com/poster/302447383/s592/dont-worry-darling","","","","",""
"top-gun-maverick","トップガン マーヴェリック (2022)
原題: Top Gun:","","https://images.justwatch.com/poster/306595934/s592/top-gun-maverick","","","","",""
"black-adam","ブラックアダム (2022)
原題: Black","","https://images.justwatch.com/poster/304428535/s592/black-adam","","","","",""
"the-batman","THE BATMAN－ザ・バットマン－ (2022)
原題: The","","https://images.justwatch.com/poster/285681699/s592/the-batman","","","","",""
"spider-man-no-way-home","スパイダーマン：ノー・ウェイ・ホーム (2021)
原題: Spider-Man: No Way","","https://images.justwatch.com/poster/285968980/s592/spider-man-no-way-home","","","","",""
"insepushiyon","インセプション (2010)
原題:","","https://images.justwatch.com/poster/125401377/s592/insepushiyon","","","","",""
"kingdom-ii-to-distant-lands","キングダム2 遥かなる大地へ","2022","https://images.justwatch.com/poster/301691431/s592/kingdom-ii-to-distant-lands","","","","",""
"minamata-minamata","MINAMATA -ミナマタ- (2020)
原題:","","https://images.justwatch.com/poster/219585048/s592/minamata-minamata","","","","",""
"venom-let-there-be-carnage","ヴェノム：レット・ゼア・ビー・カーネイジ (2021)
原題: Venom: Let There Be","","https://images.justwatch.com/poster/287251106/s592/venom-let-there-be-carnage","","","","",""
"coda-2021","コーダ あいのうた (2021)
原題:","","https://images.justwatch.com/poster/304192864/s592/coda-2021","","","","",""
"gurandoiriyuziyon","グランド・イリュージョン (2013)
原題: Now You See","","https://images.justwatch.com/poster/210335797/s592/gurandoiriyuziyon","","","","",""
"el-club-de-los-lectores-criminales","キラー・ブック・クラブ (2023)
原題: El club de los lectores","","https://images.justwatch.com/poster/307128224/s592/el-club-de-los-lectores-criminales","","","","",""
"mitsudosama","ミッドサマー (2019)
原題:","","https://images.justwatch.com/poster/293545246/s592/mitsudosama","","","","",""
"sachi","search／サーチ (2018)
原題:","","https://images.justwatch.com/poster/140444687/s592/sachi","","","","",""
"nhao-dong","N号棟 (2022)
原題: Bldg.","","https://images.justwatch.com/poster/263805301/s592/nhao-dong","","","","",""
"uruhuobuuorusutorito","ウルフ・オブ・ウォールストリート (2013)
原題: The Wolf of Wall","","https://images.justwatch.com/poster/301540960/s592/uruhuobuuorusutorito","","","","",""
"mitsushiyon-inpotsushiburu","ミッション：インポッシブル (1996)
原題: Mission:","","https://images.justwatch.com/poster/75201422/s592/mitsushiyon-inpotsushiburu","","","","",""
"zon100-zonbininarumadenishitai100nokoto","ゾン100～ゾンビになるまでにしたい100のこと～","2023","https://images.justwatch.com/poster/306570440/s592/zon100-zonbininarumadenishitai100nokoto","","","","",""
"batsutomanvssupaman-ziyasuteisunodan-sheng","バットマン vs スーパーマン ジャスティスの誕生 (2016)
原題: Batman v Superman: Dawn of","","https://images.justwatch.com/poster/125256508/s592/batsutomanvssupaman-ziyasuteisunodan-sheng","","","","",""
"ziyonuitsuku","ジョン・ウィック (2014)
原題: John","","https://images.justwatch.com/poster/131993059/s592/ziyonuitsuku","","","","",""
"it-itsuto-the-end-sore-gajian-etara-zhong-wari","IT／イット THE END “それ”が見えたら、終わり。 (2019)
原題: It Chapter","","https://images.justwatch.com/poster/294114341/s592/it-itsuto-the-end-sore-gajian-etara-zhong-wari","","","","",""
"swallow","Swallow スワロウ (2020)
原題:","","https://images.justwatch.com/poster/168817510/s592/swallow","","","","",""
"last-night-in-soho","ラストナイト・イン・ソーホー (2021)
原題: Last Night in","","https://images.justwatch.com/poster/288613800/s592/last-night-in-soho","","","","",""
"a-life-too-short-the-isabella-nardoni-case","A Life Too Short: The Isabella Nardoni Case (2023)
原題: Isabella: o Caso","","https://images.justwatch.com/poster/306810215/s592/a-life-too-short-the-isabella-nardoni-case","","","","",""
"maamannan","Maamannan (2023)
原題:","","https://images.justwatch.com/poster/283902816/s592/maamannan","","","","",""
"man-of-steel","マン・オブ・スティール (2013)
原題: Man of","","https://images.justwatch.com/poster/125256174/s592/man-of-steel","","","","",""
"cmon-cmon","カモン カモン (2021)
原題: C'mon","","https://images.justwatch.com/poster/250717558/s592/cmon-cmon","","","","",""
"unknown-cosmic-time-machine","Unknown: Cosmic Time Machine","2023","https://images.justwatch.com/poster/306904871/s592/unknown-cosmic-time-machine","","","","",""
"mitsushiyon-inpotsushiburu-huoruauto","ミッション：インポッシブル／フォールアウト (2018)
原題: Mission: Impossible -","","https://images.justwatch.com/poster/302154745/s592/mitsushiyon-inpotsushiburu-huoruauto","","","","",""
"the-deepest-breath","ディープブレス: 呼吸、深く (2023)
原題: The Deepest","","https://images.justwatch.com/poster/306419275/s592/the-deepest-breath","","","","",""
"marry-my-dead-body","僕と幽霊が家族になった件 (2023)
原題:","","https://images.justwatch.com/poster/306499141/s592/marry-my-dead-body","","","","",""
"ikoraiza","イコライザー (2014)
原題: The","","https://images.justwatch.com/poster/292344935/s592/ikoraiza","","","","",""
"haripotsutatoxian-zhe-noshi","ハリー・ポッターと賢者の石 (2001)
原題: Harry Potter and the Philosopher's","","https://images.justwatch.com/poster/302811432/s592/haripotsutatoxian-zhe-noshi","","","","",""
"extraction-2","タイラー・レイク －命の奪還－2 (2023)
原題: Extraction","","https://images.justwatch.com/poster/305562292/s592/extraction-2","","","","",""
"sang-zui-hou-nosamurai","峠 最後のサムライ (2020)
原題: The Pass: Last Days of the","","https://images.justwatch.com/poster/247699477/s592/sang-zui-hou-nosamurai","","","","",""
"uedeinguhai","ウェディング・ハイ","2022","https://images.justwatch.com/poster/257190522/s592/uedeinguhai","","","","",""
"it-itsuto-sore-gajian-etara-zhong-wari","IT／イット “それ”が見えたら、終わり。 (2017)
原題:","","https://images.justwatch.com/poster/294110654/s592/it-itsuto-sore-gajian-etara-zhong-wari","","","","",""
"shiyoshiyankunokong-ni","ショーシャンクの空に (1994)
原題: The Shawshank","","https://images.justwatch.com/poster/304548915/s592/shiyoshiyankunokong-ni","","","","",""
"detective-chinatown-3","唐人街探偵 東京MISSION (2021)
原題:","3","https://images.justwatch.com/poster/272876696/s592/detective-chinatown-3","","","","",""
"ye-noagura-zi-todi-tosi","夜のあぐら　～姉と弟と私～","2022","https://images.justwatch.com/poster/299074228/s592/ye-noagura-zi-todi-tosi","","","","",""
"poisoned-the-dirty-truth-about-your-food","Poisoned: The Dirty Truth About Your Food","2023","https://images.justwatch.com/poster/306835276/s592/poisoned-the-dirty-truth-about-your-food","","","","",""
"transformers","トランスフォーマー (2007)
原題:","","https://images.justwatch.com/poster/301065995/s592/transformers","","","","",""
"old","オールド (2021)
原題:","","https://images.justwatch.com/poster/247591844/s592/old","","","","",""
"paradise-0","パラダイス －人生の値段－ (2023)
原題:","","https://images.justwatch.com/poster/306401040/s592/paradise-0","","","","",""
"primal-fear","真実の行方 (1996)
原題: Primal","","https://images.justwatch.com/poster/250542405/s592/primal-fear","","","","",""
"gu-lang-noxie","孤狼の血","2018","https://images.justwatch.com/poster/87170034/s592/gu-lang-noxie","","","","",""
"hatsupidesudei","ハッピー・デス・デイ (2017)
原題: Happy Death","","https://images.justwatch.com/poster/250119729/s592/hatsupidesudei","","","","",""
"kisaragi-station","きさらぎ駅","2022","https://images.justwatch.com/poster/307031749/s592/kisaragi-station","","","","",""
"about-time","アバウト・タイム ～愛おしい時間について～ (2013)
原題: About","","https://images.justwatch.com/poster/302763900/s592/about-time","","","","",""
"shiyuretsuku","シュレック (2001)
原題:","","https://images.justwatch.com/poster/304664982/s592/shiyuretsuku","","","","",""
"project-x-traction","プロジェクトX-トラクション (2023)
原題: Hidden","","https://images.justwatch.com/poster/306750370/s592/project-x-traction","","","","",""
"the-godfather","ゴッドファーザー (1972)
原題: The","","https://images.justwatch.com/poster/302037995/s592/the-godfather","","","","",""
"kong-nizhu-mu","空に住む","2020","https://images.justwatch.com/poster/277423776/s592/kong-nizhu-mu","","","","",""
"gurinbutsuku","グリーンブック (2018)
原題: Green","","https://images.justwatch.com/poster/167558090/s592/gurinbutsuku","","","","",""
"gamera-2-attack-of-the-legion","ガメラ2 レギオン襲来","1996","https://images.justwatch.com/poster/269134351/s592/gamera-2-attack-of-the-legion","","","","",""
"elvis","エルヴィス (2022)
原題:","","https://images.justwatch.com/poster/300963167/s592/elvis","","","","",""
"tokyo-ribenjazu","東京リベンジャーズ","2021","https://images.justwatch.com/poster/286557494/s592/tokyo-ribenjazu","","","","",""
"di-yu-nohua-yuan","地獄の花園","2021","https://images.justwatch.com/poster/257724804/s592/di-yu-nohua-yuan","","","","",""
"10-days-of-a-bad-man","悪しき男の10日間 (2023)
原題: Kötü Adamın 10","","https://images.justwatch.com/poster/307070302/s592/10-days-of-a-bad-man","","","","",""
"death-race","デス・レース (2008)
原題: Death","","https://images.justwatch.com/poster/50894438/s592/death-race","","","","",""
"operacja-soulcatcher","ソウルキャッチャー (2023)
原題:","","https://images.justwatch.com/poster/306818530/s592/operacja-soulcatcher","","","","",""
"redeipureiya1","レディ・プレイヤー1 (2018)
原題: Ready Player","","https://images.justwatch.com/poster/288982664/s592/redeipureiya1","","","","",""
"gongaru","ゴーン・ガール (2014)
原題: Gone","","https://images.justwatch.com/poster/290857481/s592/gongaru","","","","",""
"mission-impossible-ii","ミッション：インポッシブル２ (2000)
原題: Mission: Impossible","","https://images.justwatch.com/poster/75201358/s592/mission-impossible-ii","","","","",""
"the-monkey-king","モンキー・キング (2023)
原題: The Monkey","","https://images.justwatch.com/poster/305411629/s592/the-monkey-king","","","","",""
"lesson-in-murder","死刑にいたる病","2022","https://images.justwatch.com/poster/307049998/s592/lesson-in-murder","","","","",""
"papurika","パプリカ","2006","https://images.justwatch.com/poster/41011131/s592/papurika","","","","",""
"huyuri","フューリー (2014)
原題:","","https://images.justwatch.com/poster/307035192/s592/huyuri","","","","",""
"les-miserables","レ・ミゼラブル (2012)
原題: Les","","https://images.justwatch.com/poster/293706204/s592/les-miserables","","","","",""
"baahubali-2-the-conclusion","バーフバリ 王の凱旋 (2017)
原題: బాహుబలి 2: ది కన్","","https://images.justwatch.com/poster/98615260/s592/baahubali-2-the-conclusion","","","","",""
"sea","Sea (2018)
原題:","","https://images.justwatch.com/poster/141725532/s592/sea","","","","",""
"ziyasuteisurigu","ジャスティス・リーグ (2017)
原題: Justice","","https://images.justwatch.com/poster/33183392/s592/ziyasuteisurigu","","","","",""
"huoresutoganpu-qi-hui","フォレスト・ガンプ／一期一会 (1994)
原題: Forrest","","https://images.justwatch.com/poster/210337834/s592/huoresutoganpu-qi-hui","","","","",""
"xiang-ndeqi-yu","翔んで埼玉","2019","https://images.justwatch.com/poster/245238663/s592/xiang-ndeqi-yu","","","","",""
"the-terminal","ターミナル (2004)
原題: The","","https://images.justwatch.com/poster/300678581/s592/the-terminal","","","","",""
"pacific-rim","パシフィック・リム (2013)
原題: Pacific","","https://images.justwatch.com/poster/133692603/s592/pacific-rim","","","","",""
"gosutobasutazu-2016","ゴーストバスターズ (2016)
原題:","","https://images.justwatch.com/poster/264472568/s592/gosutobasutazu-2016","","","","",""
"the-witch-part-1-the-subversion","The Witch／魔女 (2018)
原題:","","https://images.justwatch.com/poster/137431037/s592/the-witch-part-1-the-subversion","","","","",""
"batsukutouzahuyuchiya","バック・トゥ・ザ・フューチャー (1985)
原題: Back to the","","https://images.justwatch.com/poster/36153336/s592/batsukutouzahuyuchiya","","","","",""
"promising-young-woman","プロミシング・ヤング・ウーマン (2020)
原題: Promising Young","","https://images.justwatch.com/poster/238626107/s592/promising-young-woman","","","","",""
"lost-city-of-d","ザ・ロストシティ (2022)
原題: The Lost","","https://images.justwatch.com/poster/302711478/s592/lost-city-of-d","","","","",""
"parasaito-ban-di-xia-nojia-zu","パラサイト 半地下の家族 (2019)
原題:","","https://images.justwatch.com/poster/292999873/s592/parasaito-ban-di-xia-nojia-zu","","","","",""
"haripotsutatosi-nomi-bao-part1","ハリー・ポッターと死の秘宝 Part1 (2010)
原題: Harry Potter and the Deathly Hallows: Part","1","https://images.justwatch.com/poster/302811619/s592/haripotsutatosi-nomi-bao-part1","","","","",""
"reon","レオン (1994)
原題: Léon: The","","https://images.justwatch.com/poster/210296731/s592/reon","","","","",""
"eternal-sunshine-of-the-spotless-mind","エターナル・サンシャイン (2004)
原題: Eternal Sunshine of the Spotless","","https://images.justwatch.com/poster/67712054/s592/eternal-sunshine-of-the-spotless-mind","","","","",""
"asvins","అశ్విన్స్ (2023)
原題:","","https://images.justwatch.com/poster/305939886/s592/asvins","","","","",""
"get-out","Get Out","2017","https://images.justwatch.com/poster/182801251/s592/get-out","","","","",""
"dakunaito","ダークナイト (2008)
原題: The Dark","","https://images.justwatch.com/poster/125255495/s592/dakunaito","","","","",""
"tourumanshiyo","トゥルーマン・ショー (1998)
原題: The Truman","","https://images.justwatch.com/poster/176299098/s592/tourumanshiyo","","","","",""
"adipurush","Adipurush","2023","https://images.justwatch.com/poster/301409738/s592/adipurush","","","","",""
"harry-potter-and-the-deathly-hallows-part-2","ハリー・ポッターと死の秘宝 Part2 (2011)
原題: Harry Potter and the Deathly Hallows: Part","2","https://images.justwatch.com/poster/302812642/s592/harry-potter-and-the-deathly-hallows-part-2","","","","",""
"jun-noming-qian-depu-wohu-nde","君の名前で僕を呼んで (2017)
原題: Call Me by Your","","https://images.justwatch.com/poster/286212913/s592/jun-noming-qian-depu-wohu-nde","","","","",""
"the-unholy","アンホーリー 忌まわしき聖地 (2021)
原題: The","","https://images.justwatch.com/poster/305566665/s592/the-unholy","","","","",""
"goziravskongu","ゴジラvsコング (2021)
原題: Godzilla vs.","","https://images.justwatch.com/poster/291133945/s592/goziravskongu","","","","",""
"hua-shu-mitainalian-woshita","花束みたいな恋をした","2021","https://images.justwatch.com/poster/249322966/s592/hua-shu-mitainalian-woshita","","","","",""
"bird-box-barcelona","バード・ボックス バルセロナ (2023)
原題: Bird Box","","https://images.justwatch.com/poster/306564348/s592/bird-box-barcelona","","","","",""
"naisugaizu","ナイスガイズ！ (2016)
原題: The Nice","","https://images.justwatch.com/poster/304944136/s592/naisugaizu","","","","",""
"the-cabin-in-the-woods","キャビン (2012)
原題: The Cabin in the","","https://images.justwatch.com/poster/31597893/s592/the-cabin-in-the-woods","","","","",""
"matsudomatsukusu-nu-rinodesurodo","マッドマックス 怒りのデス・ロード (2015)
原題: Mad Max: Fury","","https://images.justwatch.com/poster/125429823/s592/matsudomatsukusu-nu-rinodesurodo","","","","",""
